Field,Type,Required,Description
first_name,string,yes,Nome
email,email,yes,Email (unique)
role,string,no,Ruolo professionale
experience_years,integer,no,Anni esperienza
goal,string,no,Obiettivo formativo
channel_optin_email,boolean,yes,Consenso Email
channel_optin_whatsapp,boolean,no,Consenso WhatsApp
preferred_channel,"enum(email,whatsapp,none)",no,Canale preferito
intent_level,"enum(high,medium,low)",no,Intent comportamentale
webinar_status,"enum(invited,registered,attended,missed)",no,Stato webinar
nps_score,integer(0-10),no,Punteggio NPS
referral_code,string,no,Codice referral assegnato
