Order,Channel,Trigger_or_Condition,Action_or_Message,Timing,Goal_Metric
0,Form (Landing),Submit form Syllabus (consenso email + opzionale WhatsApp),"Crea lead in CRM, applica tag persona/intent; invia Email #1",Immediato,Lead creato (generate_lead)
1,Email,Nuovo lead con tag syllabus,Email #1: link al Syllabus + CTA 'Prenota il webinar',T+0m,"Open Rate, CTR, Webinar clicks"
2,WhatsApp,Lead con opt-in WhatsApp,"Template: 'Ciao {nome}, vuoi un promemoria per il webinar? [Prenota] [Ricordamelo]'",T+60m,Reply/Click Rate
3A,Email,IF click webinar entro 48h,Email #2: conferma + .ics calendario + link sala + FAQ,T+1h dal click,Webinar registrations (join_webinar)
3B,Email,ELSE no click entro 48h,Email #2-b: Case study + prova sociale + CTA 'Scopri il programma',T+48h,"CTR, Time on page (GA4)"
4A,WhatsApp,Iscritto a webinar,Reminder 24h + 15m prima con link diretto,T-24h / T-15m,Show-up rate
4B,Chatbot,Visita sito senza click su email,Widget: mini‑quiz 3 domande + CTA 'Parla con un tutor',Alla visita successiva,"Quiz completion, Lead to booking"
5,CRM,Dopo webinar,"Segmenta intent: High (stay 45+ min), Mid (15–45), Low (<15)",T+1h post evento,Segment coverage
