Phase,Objective,Primary_Channel,Personalized_Content_Example,Key_Data_to_Collect
Interesse,Generare lead qualificati (download Syllabus o quiz),Chatbot sito + Ads,Quiz orientativo 3 domande + esito con consigli e link al Syllabus,"Nome, Email, Ruolo, Anni esperienza, Obiettivo, Consenso marketing"
Lead,"Attivare e nutrire con valore, portare a webinar",Email + WhatsApp opt-in,Sequenza benvenuto (2 email) + invito webinar con slot e reminder,"Interesse moduli, Orario preferito, Intent (clic su CTA), Canale preferito"
Cliente,"Onboarding efficace, riduzione abbandono, up-sell moduli",Email onboarding + WhatsApp reminder,Roadmap 90 giorni + tutor call + checklist in PDF,"Completamento moduli, Soddisfazione, Ostacoli, Disponibilità a referral"
Advocate,"Stimolare NPS, recensioni e referral",Email + Chatbot NPS,Richiesta NPS (0-10) → review page → link referral con reward,"Punteggio NPS, Testimonianza, Referral code usage"
