Tag,Description
persona:manager,Manager in transizione 45-55
persona:freelance,Libera professionista 40-50
persona:impiegato,Impiegato curioso 38-48
intent:high,Registrato webinar o 2+ click alto valore
intent:medium,Aperto email + 1 click o quiz completato
intent:low,Solo apertura o nessuna azione
content:syllabus,Ha scaricato il Syllabus
content:case-study,Ha visitato Case Study
nurture:quiz,Ha interagito con quiz chatbot
webinar:registered,Iscritto al webinar
webinar:attended,Ha partecipato (>= 45 min)
